"gene_symbol","logFC","AveExpr","t","P.Value","adj.P.Val","B"
"ZFR2",6.74091483049334,-3.08811036902338,27.3330272669463,1.03942271484516e-80,2.49087259385494e-76,171.709793679394
"SMC1B",6.67107128229344,-1.53708521838562,26.1856271342417,5.59373419189489e-77,6.70241230872846e-73,163.36572928129
"AC019171.1",4.12658832859255,-4.61955689396522,24.6984084008826,4.87446890991434e-72,3.89372576523958e-68,152.295056854993
"STAG3",4.46200032904426,0.61588630274825,19.5688311256705,3.45309828004007e-54,2.06875117957201e-50,112.11892217967
"SYCP2",5.22634876172931,0.542456835379174,19.4674161700607,7.97186647341764e-54,3.82075616337961e-50,111.298743429917
"RAD9B",2.75805188688462,-0.913895912861623,17.8352825903577,6.09412843848727e-48,2.43399489833182e-44,98.0080670660259
"ZNF541",5.49704577640338,-1.59661013873505,17.707389956423,1.77073790381832e-47,6.06199473244316e-44,96.9608201644672
"SHCBP1L",4.32088499736816,-4.76534437385808,17.5098873473058,9.20375192703393e-47,2.75698388974301e-43,95.342396313074
"UPB1",4.21580190258894,-2.43494207893112,16.6331975768849,1.39826884413391e-43,3.72312384231388e-40,88.1461074649961
"TCAM1P",5.78350584619504,-2.20327284356391,16.5035908283189,4.1326323430939e-43,9.90344014699023e-40,87.0812581364072
"ABCA17P",4.76543816137158,-2.25322485685864,16.3572344604859,1.40498813381753e-42,3.06083051261847e-39,85.8787217849964
"MAJIN",3.93983416697199,-4.13825565650602,16.1085395050116,1.12352428369794e-41,2.0710873795798e-38,83.8354164495929
"C19orf57",2.52611960116596,1.63872090500705,16.0885479153491,1.32785511774123e-41,2.27290857439648e-38,83.6711805555621
"SOX30",4.25836117765009,-1.2615370799652,15.8529132271319,9.51199938989523e-41,1.42465970862156e-37,81.7357442476829
"TAF7L",4.49191733427383,-2.72482329321605,15.6568516588335,4.89082566777823e-40,6.8943380178022e-37,80.1260764215082
"AL021391.1",2.9090227124157,-4.4024810231601,15.6497050571036,5.19151717046269e-40,6.91163985960932e-37,80.067418905899
"GRIN2C",2.82214599256161,-0.811574054531903,15.4203134576877,3.5208400028415e-39,4.44070578042599e-36,78.1853749476116
"ARHGEF33",3.36439567151827,-2.21318306558626,15.1736528193581,2.75184487110004e-38,3.29726052455207e-35,76.1636086866515
"SYCE2",2.9189954792092,-2.19631185280834,15.1286537884735,4.00319608354453e-38,4.5682186164791e-35,75.7950342181932
"SYNGR3",3.30038772428928,0.955217272377214,14.8565320696349,3.85336175189321e-37,4.19736186465313e-34,73.5682030692169
"KLHL35",3.48206057848663,-0.158723499424721,14.7256246734331,1.1436078221975e-36,1.19153990657134e-33,72.4983659643908
"LINC01305",4.63887072093692,-2.82022033368875,14.6041797808852,3.13427876345443e-36,3.12957734530925e-33,71.5067880913464
"MIR9-3HG",4.09759100365034,1.42999281761449,14.4613148589474,1.02483850499819e-35,9.44585766683715e-33,70.3415665484049
"CDKN2C",2.36707589235474,3.8474712935659,14.2841717986282,4.44313732187855e-35,3.80269081362491e-32,68.8988215621208
"RIBC2",2.95743383415823,0.714846824298011,13.3735686760351,7.98209253856847e-32,6.59596088256051e-29,61.5275076088939
"DDX25",3.21124060810849,-4.0705687320234,13.2783719573664,1.73780904094082e-31,1.38816186190352e-28,60.7621554675461
"CNTD1",2.36309280885107,-1.68160486143223,12.9911888387117,1.80351764035979e-30,1.35060927292444e-27,58.4605224183245
"COL4A6",-4.35401394591474,4.54923664901165,-12.8635897408837,5.0810699517636e-30,3.58125765659008e-27,57.4416009928751
"F2RL1",-2.77191971496032,5.35005405222178,-12.8592325019504,5.2637753744066e-30,3.60403180206514e-27,57.4068496007423
"TCP11",4.92873515000082,-2.25730037346927,12.8142810049364,7.57707007465794e-30,5.0438029796973e-27,57.0485044032444
"ADORA2A-AS1",3.10493284568775,-3.02910336843491,12.646151742166,2.95120506261181e-29,1.81340200308793e-26,55.7109936614344
"MEI1",3.33747938031247,1.21495263319676,12.4802564699486,1.12376977878494e-28,6.73250474470059e-26,54.3957597733497
"GPR137C",2.0143868508474,-0.346132132323262,12.3787358843699,2.54104180389266e-28,1.48520794606058e-25,53.5932142386513
"TDRD10",3.28815325676193,-1.97549818326959,12.2483400532835,7.22684684207857e-28,4.12343232675169e-25,52.5651030876639
"WNK3",3.43043355780768,-0.872458082233354,12.156790234913,1.50256763523649e-27,8.37384437460636e-25,51.8451539968792
"SLC4A3",-2.08829593584376,2.79951106174841,-11.8149324731721,2.27781156031334e-26,1.18664078763802e-23,49.1713216377836
"AC108925.1",-2.926217862003,0.535922743221428,-11.5233751220982,2.26983222339286e-25,1.04604345002666e-22,46.9104201993863
"SLC7A5",-2.27630304286998,9.08321947659348,-11.5207978227456,2.31623742304231e-25,1.04728893595823e-22,46.8905195160191
"RORB",3.9231396604901,-0.511536618986441,11.50941061325,2.53284544178721e-25,1.11206571843837e-22,46.8026112704501
"KASH5",3.67792220432314,-3.9255090513908,11.3982071822392,6.05444037289269e-25,2.50152774303449e-22,45.9457254575754
"PPP2R2C",-3.42846835337767,6.07646064656434,-11.3677294134322,7.68384577483811e-25,3.12094373132577e-22,45.711389256791
"MSX2",-2.70008493676174,1.71437644622878,-11.3179983133351,1.13307885063023e-24,4.45132812729553e-22,45.3295005444111
"YBX2",4.54559474866381,-0.412753883272743,11.3064471844523,1.23994584842275e-24,4.79259069541979e-22,45.2408847929646
"TLX2",3.35341877525601,-2.27555330317832,11.2810036990252,1.51206828127732e-24,5.66175067070775e-22,45.0458078343813
"KEL",4.02464123331856,-2.34386090975987,11.1656252318172,3.71060241933229e-24,1.34728600571029e-21,44.1632149822768
"AC069499.1",2.11456147847427,-1.97173245267874,11.1587207692756,3.91497554287727e-24,1.4002757299927e-21,44.1105054391137
"AL161431.1",-4.80798819658507,3.72746684633996,-10.9372450353199,2.1716489075221e-23,7.1289581397068e-21,42.4263060554344
"RAMP2-AS1",2.54117852642133,-1.75795548417107,10.8951354204101,3.00345077407346e-23,9.47035451972322e-21,42.1075629578197
"AC046185.3",2.0333682732885,0.360413390298482,10.8928723228752,3.05621065969662e-23,9.51156262973635e-21,42.0904464141582
"SYT10",2.89857576268951,-4.79222135613444,10.8027675696461,6.10658001651297e-23,1.85238080399642e-20,41.410100831989
"NEFH",3.41489671141157,-0.35899943248296,10.7865034601142,6.91760596577451e-23,2.04658653535581e-20,41.2875373374944
"LUARIS",-3.25416264344223,-1.05923695055801,-10.7764240311986,7.47314071516994e-23,2.18397980607723e-20,41.2116177784348
"AC079296.1",2.36448024718401,-4.56728604064839,10.7379893289003,1.00302478113845e-22,2.82782186531785e-20,40.92238571554
"ACBD7",2.69255315216039,-0.35317651413382,10.6799424144642,1.56312323264287e-22,4.3556610636109e-20,40.4863633627469
"PTHLH",-3.43305972498702,6.2498175376129,-10.5524358654956,4.12818384358952e-22,1.09919775141977e-19,39.53202196671
"AC009501.2",2.56569589129967,-3.84332554844152,10.5056601019193,5.88794840388079e-22,1.50105101649574e-19,39.183126579611
"CD8B2",4.07849716910966,-3.2091385004364,10.4725173440875,7.56926253249429e-22,1.90936639293361e-19,38.9363163164516
"IL17REL",3.83037251084483,-2.7882516560633,10.408623246983,1.22731196339447e-21,3.00115345824338e-19,38.4614468214292
"AL358334.2",-2.40388468088133,0.64991112121693,-10.3770250575454,1.55797273920757e-21,3.70860332444967e-19,38.2270681979397
"MYO3A",5.08433420293825,-1.27635869120144,10.3743805842327,1.58936840337648e-21,3.71851976563424e-19,38.2074669102541
"IGF2BP2",-2.3409916298798,6.03666991534602,-10.3604090480968,1.76598625187273e-21,4.06923985960366e-19,38.1039435628806
"C3orf70",2.3294448170836,1.49004214494291,10.3483266393937,1.93437753236922e-21,4.29216881349037e-19,38.014466886914
"DLX1",-2.664298272702,1.13893629321866,-10.3198815329173,2.39653452185419e-21,5.26885809923979e-19,37.80399597178
"CA12",-2.41644366834385,7.67004615543016,-10.2905259992551,2.98874697133895e-21,6.51112112919696e-19,37.5870553969434
"AL049637.1",3.12151686795765,-4.27186499543414,10.2249296118017,4.8906736210125e-21,1.0191313274256e-18,37.1032797026501
"CHDH",2.8375755968745,0.424687939221994,10.1798378602876,6.85562567457541e-21,1.36906844721271e-18,36.7715273594295
"SLFN13",2.30928226894985,3.35431738762731,10.1344153035268,9.62751192824746e-21,1.84570956678818e-18,36.438008914392
"DMKN",-3.73340314551097,7.06129283001169,-10.1308998015831,9.88360158741039e-21,1.86496557827325e-18,36.4122242266725
"CDKN2A-DT",2.81690475064297,-3.78471309484409,10.1281936457935,1.00853367836783e-20,1.88816414596928e-18,36.3923785082696
"SLC35F3",-3.43837096448447,0.875149015641671,-10.1131181133097,1.12864256946854e-20,2.09665042904993e-18,36.2818654893369
"TENM2",-3.30751282600598,6.91708237664855,-10.1094018246135,1.16037268993872e-20,2.13901316474549e-18,36.2546342904485
"HMGN2P15",2.10555132204072,-3.04694191838863,10.0858770859919,1.38284638240292e-20,2.52965883266439e-18,36.0823620994039
"CT69",-3.61878459351222,0.70429592805024,-10.0405631432748,1.93768771180815e-20,3.46527972580378e-18,35.7510455057727
"LINC02091",2.54474202028274,-4.04844557869191,10.0236421893231,2.19744043555083e-20,3.90070093315112e-18,35.6275027223705
"KRTDAP",-5.66359250236837,5.63309868558418,-10.0121645404092,2.39305038473869e-20,4.12568772804877e-18,35.5437572674212
"TMEM158",-2.01950905455821,2.9692415322951,-10.0017222804803,2.58600338272751e-20,4.42649893312014e-18,35.4676050319337
"ZYG11A",3.51892014877255,-0.663086889564015,9.98726364950001,2.87894454093021e-20,4.85843150087231e-18,35.3622235209211
"FKBP6",2.14635001617815,-4.28930645932734,9.97031004708796,3.26468005003805e-20,5.43297171660499e-18,35.2387478133067
"LINC02454",-3.32852549606342,-1.38159408321201,-9.93623828707018,4.20201690733314e-20,6.89706391557065e-18,34.9908943563425
"KLK8",-4.11684721365967,2.81257867420815,-9.88577157597748,6.1024789807094e-20,9.49609131777403e-18,34.6245095455663
"DLX2",-2.97501885098692,0.292187451901056,-9.86869080170783,6.92256023040835e-20,1.07027247330004e-17,34.500704022587
"TLX3",4.62081455143137,-3.68355602163114,9.82474929536957,9.57063397208293e-20,1.43344170316872e-17,34.1826734648544
"KRT14",-4.02518970132982,12.599211410018,-9.78736720986315,1.26004393044211e-19,1.85249648767575e-17,33.9126516711358
"AC092535.3",2.30544887806118,-4.48070326561457,9.76605720537906,1.47360540183422e-19,2.1532609664363e-17,33.758944742272
"HOXC13",-2.92174431472212,2.46335695399281,-9.71373651475209,2.16286507788421e-19,3.10364663032438e-17,33.3822485917897
"HMX2",3.29352554726936,-4.04573318487434,9.69183286703256,2.53904170517567e-19,3.60033109010827e-17,33.2248399456122
"RGS20",-2.61375622808294,2.59953884485536,-9.6694844684246,2.98983607160935e-19,4.21461362470861e-17,33.0644141475333
"HMSD",2.80899973086556,-1.06829073062172,9.6639044212781,3.11427675098075e-19,4.36435836611127e-17,33.0243866333345
"ZFPM2-AS1",-3.44952076656189,0.368899886348451,-9.65998846251648,3.20466528667856e-19,4.46491854243983e-17,32.9963029430801
"RANBP17",3.23869734142275,-1.05273534026616,9.62602875335315,4.10617171838938e-19,5.62287423197046e-17,32.7529924020711
"GOLGA7B",-3.17457713226977,3.87391282502971,-9.61281293888845,4.52150479575205e-19,6.12165767940126e-17,32.6584195650225
"B4GALNT3",-2.26195171629187,5.75563517118741,-9.57995788751981,5.74372645456678e-19,7.71758270225515e-17,32.423586684461
"C8G",2.26288018942178,-1.5583883710619,9.55810206939845,6.73320898629907e-19,8.81719235779623e-17,32.2675927815891
"GALNT6",-2.44959033100557,5.84363911782665,-9.55316092407699,6.97938878667576e-19,9.08989526542923e-17,32.2323504380027
"BTNL9",3.45372602538037,0.190824337812487,9.55085540022222,7.09729364230924e-19,9.19348891050262e-17,32.2159095783925
"KCNS1",4.30195757560429,-0.112240435745194,9.51874604333418,8.96044109871525e-19,1.14217026856177e-16,31.9871419412012
"CAV1",-2.40002680605708,8.1400944494505,-9.50303782790486,1.00414138403501e-18,1.27318751994789e-16,31.8753674331699
"AC106820.4",2.62834942613928,-1.91164748454842,9.46861346029446,1.28842200638048e-18,1.61653114978543e-16,31.6307404896567
"AC009121.3",2.0016440964516,-3.54720092001986,9.40151260242845,2.09185529359053e-18,2.53177880078805e-16,31.1552030688611
"NTN3",2.38251264791446,-3.69730853121008,9.37691793239693,2.49741921012409e-18,2.96277989858483e-16,30.9813356598244
"FSTL3",-2.24846946466104,5.06353392197058,-9.35517320745414,2.92045042062165e-18,3.41393531120864e-16,30.8278102438136
"AL831711.1",2.22054463255186,-2.58918182211814,9.333725616683,3.40723749826531e-18,3.94449465741207e-16,30.6765626606825
"CXCL14",-3.58861106969909,8.11614494895034,-9.30644027422442,4.14445337756945e-18,4.72941336857497e-16,30.4844070375913
"ZMAT1",2.52119196273052,-0.535745029624574,9.19914619757254,8.92783211231705e-18,9.81406278621862e-16,29.7316427383149
"GJA1",-2.02981032000406,8.68879806394896,-9.19604185306465,9.12766153284112e-18,9.98791237319656e-16,29.7099312184957
"DPF1",-2.1112708316994,1.43090814730732,-9.19065135993733,9.4852510576405e-18,1.02852740427736e-15,29.6722397604692
"KLK7",-4.6358578546321,5.03960305158876,-9.18247828833131,1.00541097947311e-17,1.08530039243665e-15,29.6151142022369
"CLGN",3.4263208644512,-1.16020489077828,9.16692630832101,1.1231649042137e-17,1.18570589271264e-15,29.5064881512137
"AC104031.1",-2.28086047121124,-2.28508863345229,-9.16371794351381,1.14910920870013e-17,1.20777425777587e-15,29.4840907955209
"CDA",-3.33483192104314,3.85142204110291,-9.1522678411401,1.24664162342925e-17,1.29889216799385e-15,29.4041923994791
"KLK5",-5.16779473368223,4.27339164312347,-9.03595248178622,2.8434986315869e-17,2.81576864493176e-15,28.5955773411158
"RNF212",3.57684970200406,0.0405396252203752,9.02961340643583,2.97372805204752e-17,2.93260983700686e-15,28.55166849699
"LINC02826",2.21016446169352,-4.49056330814448,9.02900020795611,2.98663505707287e-17,2.93326731588911e-15,28.547421941758
"SRPX",-2.38151611029974,3.16609042225744,-9.01122271259002,3.38597150866571e-17,3.29839037361796e-15,28.4243761643148
"EPHA6",2.96526165599796,-3.48469371953002,9.0106494952963,3.39969296563026e-17,3.29839037361796e-15,28.4204108652313
"AL121929.2",2.08795906836273,-2.10816087690073,8.97182802959535,4.46946975843381e-17,4.1838427066839e-15,28.1521779178795
"SBSN",-4.41292959386854,7.40315942541327,-8.92702644276696,6.12404418445657e-17,5.666277792908e-15,27.8434121219651
"ADARB2",3.25336132016176,-0.826666971217177,8.92361642344852,6.27241064516071e-17,5.78123264233197e-15,27.8199454769628
"LINC01006",2.13536712351094,1.48395574367362,8.91366738932899,6.72595832917634e-17,6.15194142749548e-15,27.7515076113566
"RIPPLY3",3.20024171469213,-1.35781959997796,8.90614165078711,7.09050102338659e-17,6.46071355606222e-15,27.699767116807
"AL049874.3",2.64384470801789,-4.45621719709925,8.90487036151306,7.15398697267706e-17,6.49386908383459e-15,27.6910292021348
"RHOD",-2.03844220756599,6.16344014119426,-8.87672253247529,8.71336758359873e-17,7.82049216379625e-15,27.4977378523422
"LDHC",3.24583281756185,-2.89950095011488,8.87562127087061,8.78079038129934e-17,7.85159927975587e-15,27.4901823513874
"MMP1",-3.47698028822196,7.71889949624856,-8.87120735469187,9.05625494937184e-17,8.00826913678033e-15,27.459904697941
"CLCA2",-2.33115532009327,8.99987407638854,-8.85647268545824,1.00393421355705e-16,8.81255659109203e-15,27.3588913055768
"MAP7D2",4.16068430592392,-0.198704519732474,8.79056400259872,1.59006035464194e-16,1.3563919781192e-14,26.9081987881234
"ZNF114",-2.53874436084964,1.34513303808698,-8.79052477859896,1.59049468307251e-16,1.3563919781192e-14,26.9079311286574
"FOLR3",-3.69299538458994,-0.443391211050316,-8.75557471923528,2.02817916946754e-16,1.71138329637747e-14,26.6697027115981
"XKR4",3.12342629809011,-3.15477730779444,8.74893685822487,2.12388799751083e-16,1.77729929319133e-14,26.6245176366837
"AL354766.2",3.16334669080953,-3.60035408478635,8.74360165127393,2.20404793620272e-16,1.83395155358202e-14,26.5882139400176
"ASCL4",2.46324085799588,-4.34731976675084,8.73167269554507,2.3942856571086e-16,1.97170658030758e-14,26.5070878891706
"MMP10",-3.8049412838904,5.53171057891493,-8.66282276395732,3.85630451979134e-16,3.09071844522674e-14,26.0400816475852
"AC010198.2",-2.17457704251822,0.315552137913438,-8.64180216036008,4.4585117856709e-16,3.53787339178204e-14,25.8979189079317
"HMGA2",-3.10664058172795,4.04728201987842,-8.62761799475327,4.91660790423776e-16,3.87571025714321e-14,25.8021026416371
"LHFPL4",2.90623785653651,-4.17749674634938,8.61941940594308,5.20234749452151e-16,4.08751001176109e-14,25.7467609779097
"KLK10",-3.50884343808676,6.36169757949147,-8.59822435782744,6.01955598990005e-16,4.71413855365898e-14,25.6038312101597
"AREG",-2.95651182902469,4.88116250239997,-8.54554510173163,8.64330603958188e-16,6.51346496643208e-14,25.2494645002438
"ZNF157",2.25630330653986,-3.5747499381655,8.51115363532516,1.09385908536842e-15,8.16611810647001e-14,25.0187977504011
"SH2D5",-3.0623571214767,2.76666433057585,-8.50078731327248,1.1742103007443e-15,8.68480729846803e-14,24.9493759091905
"CYP4Z1",2.58892523278983,-3.66361936508342,8.45141065851553,1.64470604946645e-15,1.18359566875117e-13,24.6193852950542
"CRB2",3.11314990142723,-2.11307417712028,8.44826807105619,1.68029684190513e-15,1.20558782992259e-13,24.5984210583713
"RAB38",-2.08312823418757,5.56791023718543,-8.43317753065003,1.86211263588593e-15,1.32022684042516e-13,24.4978156435608
"CCNA1",-3.91268788380144,1.75709027679418,-8.40594943519093,2.24078416946638e-15,1.57012139874539e-13,24.3165594524496
"MIR2052HG",-3.13387254740789,-2.08050480869133,-8.40265306843938,2.29151611605937e-15,1.59170702044193e-13,24.29463913172
"AC090994.1",-3.20354219399698,-0.753016748231735,-8.36780600545047,2.90251340423188e-15,1.97601793235831e-13,24.0632225404611
"MYOSLID",-2.23839149448509,1.18373623745781,-8.36322520669567,2.99398837853813e-15,2.0267778955731e-13,24.0328441721014
"SPEG",-2.00541598422505,3.15081521736967,-8.35232120633228,3.22337426918761e-15,2.1698017131127e-13,23.9605721011206
"C1QTNF4",2.25229206957806,-3.59956382712872,8.34394946012617,3.41121926248829e-15,2.28981676208037e-13,23.9051219048064
"RHBDL3",2.56007832348033,-0.105790354247072,8.34033787679308,3.49556415581756e-15,2.3398798723467e-13,23.8812108188656
"SOWAHA",2.240984426454,-2.20299943537848,8.3316652756255,3.70662778055173e-15,2.46054371559949e-13,23.8238175858431
"MGAT3",2.54948968138023,1.63348288571627,8.31074339949149,4.26914094205158e-15,2.80289571329655e-13,23.6855080525868
"RFPL1S",2.27407901634685,-2.83870203425223,8.29522720318159,4.7401325061924e-15,3.09516445172738e-13,23.5830683290362
"ANKRD34B",3.27030458819639,-3.0662830562385,8.26982585950057,5.62458316979589e-15,3.58477423087736e-13,23.4156132406354
"FLJ42969",-2.59414793740502,-1.12392877213348,-8.23567538182506,7.07577606694147e-15,4.42725581379074e-13,23.1909671030711
"PODXL2",2.84254506916816,2.88509728949126,8.23189126954603,7.25780048645636e-15,4.5175566456478e-13,23.1661092039866
"CERS3",-2.35063395979518,5.67062685507238,-8.22237524059982,7.73627489303982e-15,4.77814668909295e-13,23.1036287196523
"C14orf39",2.36951055581376,-3.55683530501114,8.22003736804329,7.85852258185405e-15,4.82875987568078e-13,23.088285360213
"SLC16A8",2.17409756902778,-1.27103677546989,8.187538342972,9.76960476822809e-15,5.94210174278726e-13,22.8752691938057
"DSC1",-4.18869472569881,1.85316609048274,-8.15855555186257,1.18576964806893e-14,7.13964418249345e-13,22.6857325137973
"ESR1",2.11280140288221,1.45725169821436,8.14812580218528,1.27124788420117e-14,7.55432521154475e-13,22.617625948631
"COL4A4",2.53945584094913,0.902941881254538,8.14781577345981,1.2738799239919e-14,7.55432521154475e-13,22.6156022650104
"POU4F1",3.50292432250129,-2.66303845842104,8.14353407104266,1.31078624376864e-14,7.7368673757812e-13,22.5876586553225
"CPEB1",2.06259987389147,-1.85091821236515,8.1427636538433,1.31753827333564e-14,7.75761355828384e-13,22.5826316445591
"HOXC13-AS",-2.71018435960718,0.565789002698875,-8.13008672627564,1.43371135377719e-14,8.33918904900889e-13,22.4999557678348
"SPIB",2.94959259864633,-0.313612906875568,8.12153551796439,1.51774104105383e-14,8.80253428053809e-13,22.4442313127496
"WNT7A",-3.14487296013401,2.51359584452404,-8.12124120675445,1.52071824075395e-14,8.80253428053809e-13,22.4423140549132
"DSG1",-4.73957078026892,5.97257850005243,-8.10579936300343,1.68530067320268e-14,9.70320346646073e-13,22.341779560583
"KRT75",-3.89511753524435,3.98923112804066,-8.08279576923896,1.96366527295964e-14,1.11510129386741e-12,22.1922318403569
"TCHHL1",-3.25882004448149,-2.17000111539497,-8.0815124890363,1.98046796000474e-14,1.11670433396597e-12,22.1838968507881
"SERPINE1",-2.20276698058797,8.01432816193138,-8.07832210287953,2.02286011228843e-14,1.13526509908384e-12,22.1631786097822
"CDKN2A",3.9015362792095,3.22546740721443,8.06693354699164,2.18163486074164e-14,1.21866428444785e-12,22.0892628532154
"SPRR2G",-4.74903470942671,4.08613045487275,-8.06319713059247,2.23636460302698e-14,1.24374566767988e-12,22.0650261839447
"EFNB3",-2.05174884155713,1.50811001001557,-8.04634503128527,2.50056668011503e-14,1.38072764797873e-12,21.9557992982236
"DLX3",-2.6935726557655,3.01990499208352,-8.04022299731609,2.60400079128862e-14,1.43124483858808e-12,21.9161542818385
"RDH12",-3.57942889748793,1.43070813294434,-8.03038551434552,2.77913818005478e-14,1.52053121796422e-12,21.8524878772146
"IKZF3",2.42596854765234,3.16666161535644,8.01170010531171,3.14447335149729e-14,1.70871109739866e-12,21.7316922451487
"ZNF365",-2.27573114580656,1.61251903682961,-7.99363796795988,3.54262981546591e-14,1.90348836093778e-12,21.6150918885843
"TMEM178B",3.21654926289819,1.02304387890164,7.98630270524594,3.71820646307703e-14,1.99335793470196e-12,21.567785719717
"LINC01605",-2.36843277683084,2.54892160479976,-7.96102241344516,4.39183755992486e-14,2.31309879749537e-12,21.4049568100178
"KRT9",-2.47959688920638,0.881088264325213,-7.95217719756999,4.65495030860996e-14,2.44094593425665e-12,21.348061366602
"PLAC8",2.8438507391293,2.06679575985805,7.95145778070756,4.67702315203861e-14,2.44183404826695e-12,21.3434355700071
"COLCA1",3.65506256746012,-0.469423906163451,7.94708195241539,4.81352646163584e-14,2.50219844092497e-12,21.3153049571054
"CPA4",-3.41464745666489,3.96970129175956,-7.93829354460125,5.09968686100873e-14,2.63381241243994e-12,21.2588367369167
"KCNA2",3.08892772310377,-1.55421122768329,7.93347221416648,5.26375206048163e-14,2.70687884930004e-12,21.2278748232707
"IGFBP6",-2.82748290346591,5.81845051485647,-7.92725898462173,5.48289659590149e-14,2.81353606047502e-12,21.1879917074902
"ZNF556",-2.53597417230465,0.504978439141184,-7.90144899219102,6.49393336769052e-14,3.29704701744355e-12,21.0225256884522
"HS3ST4",3.37659694584939,-2.96531923348776,7.90026576954338,6.54445921697993e-14,3.30867976109087e-12,21.014948261373
"SHISA8",2.22738111309094,-3.64696237514105,7.88736145388357,7.12136383696112e-14,3.56276331918447e-12,20.9323546406875
"FAM3B",3.88892670758626,0.234575517023174,7.81350089307653,1.15308886186629e-13,5.49356291963496e-12,20.4612555304625
"RPSAP52",-2.5940397254137,-0.647191780900283,-7.81045283131862,1.17618159471672e-13,5.59246343964117e-12,20.4418747109971
"GJB6",-3.14107668011715,7.30346138585639,-7.80787567626246,1.19606269178813e-13,5.67155723165445e-12,20.4254918600261
"SIM2",3.11356214818391,0.756643391230056,7.80503294614598,1.21837776998251e-13,5.73618956382335e-12,20.4074247502589
"NEXMIF",3.04421965467981,-2.11924304138504,7.79099157102113,1.33477908242479e-13,6.23521363181824e-12,20.3182455546312
"LINC02551",-2.63208036333006,-1.58215831433565,-7.77984384451344,1.43495851624466e-13,6.64575628858034e-12,20.2475173154117
"TNC",-2.11336377413803,9.53317317995941,-7.77604883120725,1.47072930261077e-13,6.77216157767636e-12,20.223454091653
"CCDC177",2.70020484692817,-2.20563060407725,7.77588094825241,1.47233190701443e-13,6.77216157767636e-12,20.2223897612438
"INHBA",-2.2463647958588,6.42661224011713,-7.76690529037262,1.56057211071554e-13,7.08286932977032e-12,20.165508003524
"CYP4X1",2.76541775397955,1.58011205261496,7.75405992446858,1.69601263259146e-13,7.63970803147024e-12,20.0841756908694
"PSORS1C1",-2.08028163738519,0.609946424081781,-7.74770086293957,1.76729521068783e-13,7.91616120166786e-12,20.0439442542482
"MYCN",2.01567434631768,-0.383884578708528,7.73773613985933,1.88499055672316e-13,8.38068899838845e-12,19.9809436736087
"PARM1",2.0290523353461,3.57658365980918,7.7298042782815,1.984180821029e-13,8.80535355465535e-12,19.9308327577352
"GRIN2A",3.18907597075718,-1.28958149976034,7.71294987754568,2.21238373547076e-13,9.74587570529805e-12,19.8244617746573
"COL19A1",3.1590967711516,-2.41850879095723,7.71032852359442,2.25013227610738e-13,9.89397612195179e-12,19.8079313824096
"FOXD3",2.40637752969727,-2.27026422197344,7.70776642608939,2.28764198925109e-13,1.00059166746502e-11,19.791778158869
"PI15",-2.10288695328588,2.6732189020255,-7.70372123241781,2.34812544964399e-13,1.02496317441291e-11,19.7662815142887
"KLK6",-3.78474924812963,3.52318444275531,-7.67925015360114,2.74917553117116e-13,1.1785553207332e-11,19.6122256081187
"RNF157-AS1",2.23758147510666,-3.12507838321093,7.63647480116183,3.61895471162312e-13,1.5082544471189e-11,19.3436980114702
"EYA2",2.81274178247877,2.70709065449459,7.61804488766942,4.07278089733818e-13,1.67986439627904e-11,19.2283019716586
"PNMA3",2.37073346052069,-2.2710126355091,7.61711892238379,4.09700835474509e-13,1.68695374936618e-11,19.2225089672695
"EPGN",-3.85967683371691,2.85941690667433,-7.60392989923424,4.45793996207689e-13,1.81993310479064e-11,19.1400458524711
"AC010643.1",2.59649232204445,-2.2815018815606,7.58791953501835,4.93846569672671e-13,2.00585410095524e-11,19.0400677628779
"CNGB1",-3.38688703689239,2.70657749208909,-7.58649476294139,4.98362706082078e-13,2.0207722315653e-11,19.0311773150596
"SLC44A5",-2.0768129136862,3.4280212618775,-7.57891018948956,5.23098644002778e-13,2.11391836507295e-11,18.9838686225757
"NLRP10",-3.48212763542176,-0.715394137343194,-7.57195608169304,5.46841298842136e-13,2.19226315840237e-11,18.9405196326359
"KIAA0895LP1",2.58955668626284,-2.83432788713262,7.57163172459406,5.47974308080045e-13,2.19226315840237e-11,18.9384983617641
"ENPP6",2.41806710587599,-2.13686123992575,7.55875672524232,5.94868823221874e-13,2.36408565168971e-11,18.8583120034326
"NAV3",-2.12289083472527,1.98860282391033,-7.55612727941244,6.04922222451781e-13,2.39609192377429e-11,18.8419466285969
"DMRTA2",4.21400064288491,-1.75009628744387,7.54392429555543,6.53817778293989e-13,2.57275685370068e-11,18.7660454960046
"FAM182A",2.24286014350527,-3.20611069475935,7.54303591493874,6.57525986176907e-13,2.58310700536777e-11,18.7605230149321
"AC011483.1",-2.10097131844878,-2.79040076863639,-7.53953784616023,6.72330202079095e-13,2.63263414421951e-11,18.73878195964
"LINC01615",-2.20035429553852,1.551685864343,-7.53607188965474,6.8732283805498e-13,2.68695016168834e-11,18.7172470176732
"SDR9C7",-3.277496179676,2.66630093378483,-7.52815310057359,7.228262668944e-13,2.81655425363535e-11,18.6680698121049
"CBLN2",3.29411539032525,-2.35091600221697,7.52731289372993,7.26697864046709e-13,2.82704344383366e-11,18.6628539597819
"SLC24A2",-2.35488745710754,0.0478117445077001,-7.50991556000992,8.11622988804505e-13,3.12696676908539e-11,18.5549405433225
"AC008011.2",-2.14382394505397,-2.41616155836024,-7.50037453088216,8.62281363353047e-13,3.30091223504671e-11,18.4958286115484
"AC079160.1",-2.64358070664742,-2.02294161371895,-7.48603590317815,9.44334759349041e-13,3.57839663823902e-11,18.4070861609104
"GALNT13",-2.7810160178487,-0.441576535166335,-7.47919508823452,9.86150584507147e-13,3.70982624974076e-11,18.3647875526343
"SPRR4",-3.75305943380658,1.00626329238788,-7.47588653005176,1.0070251083071e-12,3.77658054702212e-11,18.3443390147389
"LINC01527",-2.48884362084017,-2.44396676618595,-7.47526091884881,1.01102097420291e-12,3.78564166028102e-11,18.3404730984691
"AC121757.2",2.20623461061516,-2.34977969807437,7.46901547557401,1.05177903491297e-12,3.91379391190285e-11,18.3018915966171
"SP9",2.77931936907112,-2.23606463271122,7.45482097791839,1.15053930359784e-12,4.25486479497199e-11,18.2142838835031
"RUNDC3A",-2.16995785611206,0.788783081169073,-7.44497038212255,1.22439850307069e-12,4.50022787232915e-11,18.1535514540025
"AL390778.2",2.64187413707077,-4.28015577798133,7.43791208155272,1.28017869090789e-12,4.68369498456745e-11,18.1100672962631
"MYB",2.09121647831538,1.01507300898902,7.43595113401466,1.2961156732003e-12,4.7347737793555e-11,18.0979913252464
"FCRL4",2.33022254761639,-3.55547848690465,7.43271227083665,1.32286815552619e-12,4.81050265235656e-11,18.0780502854702
"HLF",2.52412117833958,1.98551848301941,7.43226917244664,1.3265701791499e-12,4.81665572320429e-11,18.0753226652901
"AC121757.1",2.01892371357771,-2.77356767247175,7.42881545040272,1.35577795760876e-12,4.90783428642543e-11,18.0540659860897
"TMSB15A",2.27897475542395,-1.55094295370606,7.41585008378082,1.4711958610544e-12,5.2877388381794e-11,17.9743264868512
"LINC01814",2.16898828964804,-2.74588981244181,7.41578938283427,1.47175838969524e-12,5.2877388381794e-11,17.9739533823963
"WDR97",2.07186439689159,-1.22371803315772,7.41489733478546,1.48004969957261e-12,5.3095675150536e-11,17.9684705541554
"LINC00381",-2.029485133838,-2.64039291922451,-7.41457050312741,1.48309901694248e-12,5.31255378804328e-11,17.9664618464719
"PNPLA1",-2.76216587087291,-0.0342134429044863,-7.40904138469328,1.53563451898578e-12,5.47618238288322e-11,17.9324888183765
"PRR9",-4.49340516870406,0.409403886367261,-7.38993734333224,1.73167683450457e-12,6.09367160970153e-11,17.8152363418834
"AC006946.2",2.21327566294141,-2.40540422403986,7.38661356400695,1.76822014065349e-12,6.21314185492967e-11,17.7948570368673
"DOC2B",2.01330771470369,4.62826571801243,7.37948603511774,1.84916729679511e-12,6.46555289367469e-11,17.7511762094593
"PCDHGC5",-3.01634629078775,0.671019996489137,-7.37890496828408,1.85592532494789e-12,6.46555289367469e-11,17.7476164031302
"LINC02700",-3.38478367860352,-2.15699429534133,-7.3695109426691,1.96862271819036e-12,6.82721777405408e-11,17.690091537537
"HSPB3",-3.45125011222225,0.25681430800615,-7.34732658926767,2.2622457114439e-12,7.73358862040535e-11,17.5544392168994
"SLC7A11",-2.55503779337908,4.45624917247007,-7.3370839203265,2.41199849912703e-12,8.17554908530129e-11,17.4919001961433
"KCNB2",2.66164988507917,-3.43945082486333,7.31800190502572,2.71751015470045e-12,9.13357830957105e-11,17.3755468838267
"SPOCK1",-2.38786300276912,3.93370945619002,-7.31125123450231,2.83448203874635e-12,9.50007378692554e-11,17.3344332512516
"CCNI2",2.15253264185834,-1.77004665146986,7.30103520926554,3.02100128443425e-12,1.00548992750253e-10,17.2722631891186
"AC055736.1",-2.64261643169301,-2.97278004146018,-7.2987315986757,3.06470303234934e-12,1.01611885525563e-10,17.2582525674956
"MANCR",-2.36833675171807,-0.470194434683977,-7.29597896182169,3.11774113441762e-12,1.02769667875081e-10,17.2415148680895
"GDPD2",-3.29530104258473,1.69894619422615,-7.29438180907681,3.14892901357792e-12,1.03655130331568e-10,17.231805165369
"IGFL2",-3.04889501861432,1.72688176625929,-7.27738011826911,3.50059162431893e-12,1.13515802009714e-10,17.1285343901438
"MMP3",-3.30132769172095,5.35893824220891,-7.26959068616869,3.67437691018406e-12,1.18476383841449e-10,17.0812746635469
"CREG2",-2.7689482043365,1.53498233087124,-7.26941970920204,3.67828532707554e-12,1.18476383841449e-10,17.0802377031628
"BPIFC",-3.54487018870317,-0.337461212359064,-7.26248062650081,3.84041366199626e-12,1.23201704144683e-10,17.0381667075004
"IGFBPL1",2.73594683886916,-0.822738236941825,7.26132682896801,3.86804618570857e-12,1.23922271115401e-10,17.0311739817986
"SPRR1B",-3.07494164653064,8.7774286418902,-7.24989315549313,4.15268836350396e-12,1.31982790375343e-10,16.9619195676626
"BCHE",-2.83464887412888,-0.334571748837236,-7.24570811626957,4.26195563446099e-12,1.34918764629093e-10,16.9365890507361
"SMPDL3B",2.06296317063211,0.425379194827378,7.24178063458653,4.36707348745163e-12,1.37882146315271e-10,16.9128264649674
"LINC00494",2.09508177357806,-3.77086543143667,7.24148071346008,4.37520500070163e-12,1.37957121890544e-10,16.9110122006896
"LINC01475",2.2667985531512,-4.58807678251077,7.23907529276187,4.44096323186462e-12,1.39297438335607e-10,16.8964633245524
"AC091182.2",-2.26953829604678,0.389175570345254,-7.23007652954538,4.69571919407516e-12,1.46330578370373e-10,16.8420645908877
"ALOXE3",-2.4261118236713,2.66805968034992,-7.22757621872536,4.76902459545335e-12,1.47845931960471e-10,16.8269580405988
"GSDMA",-2.95497147731555,2.42402752745043,-7.22431705342044,4.86627387598546e-12,1.50665874889038e-10,16.8072719256486
"CTSE",2.60316092042645,-2.50440965294726,7.22028375475882,4.98933149534937e-12,1.54276567683293e-10,16.7829182287304
"USP2",-2.19494831222602,2.36492242394079,-7.21567980693785,5.13355100737216e-12,1.58327434157872e-10,16.755130175494
"FDCSP",4.69321875801789,0.434916657024652,7.18516691526717,6.19879893968443e-12,1.88752246239641e-10,16.5712689528537
"LINC00939",2.30231368936064,-3.98149596692549,7.18060525569213,6.37574004135039e-12,1.93647952282536e-10,16.5438275126743
"KRT16P4",-2.61022878830524,0.247691290569088,-7.17740414939089,6.50286899553328e-12,1.9725918051767e-10,16.5245778249499
"EREG",-3.66969530870185,3.21350558413122,-7.17524081926212,6.59019455961169e-12,1.99655401297768e-10,16.5115720740579
"CLDN10",3.75623513461833,-1.57316071348775,7.16520324599835,7.01072904679681e-12,2.11327183493634e-10,16.4512621627806
"TTC6",2.71457644844582,-3.11507519740674,7.16230927605531,7.13681038097982e-12,2.14318952343108e-10,16.4338847223456
"CELF4",2.03864823989928,-3.07849378089215,7.15645278372108,7.39883311300617e-12,2.20804030784657e-10,16.3987329165453
"AL132857.1",2.69889143219184,-1.24383820787545,7.14896748966144,7.74756466141414e-12,2.30065228681696e-10,16.3538334204314
"DELEC1",-2.28439674145862,-0.306322072028894,-7.11833785332586,9.35125930031466e-12,2.72951982792619e-10,16.1704419905528
"XKR5",2.21790041657655,-2.70571370248682,7.10516288473709,1.01378007227408e-11,2.94118954624408e-10,16.0917250048139
"NKX2-3",3.20427869772965,-2.51362105476799,7.09491912559932,1.07940550041799e-11,3.10899920817507e-10,16.03059067909
"FLRT3",-3.40292313772581,3.37891153308761,-7.08731594087967,1.13080264960108e-11,3.22986349166154e-10,15.9852545366964
"AL391560.2",2.60795563200028,-1.33433395502991,7.07907080735137,1.18926492662048e-11,3.38072890884142e-10,15.936128532065
"SHANK2",-2.6399026059911,3.2014265652368,-7.03759467233515,1.53160864747474e-11,4.26288845854641e-10,15.6896066622832
"AL135818.3",-2.32970453157391,-1.59067012390433,-7.03099235944036,1.59440203219559e-11,4.41203814082392e-10,15.6504571588144
"MUCL1",-3.5179723849892,-0.264756172103257,-7.02212734655009,1.68271742191615e-11,4.62589025438239e-10,15.5979307554444
"KRT16",-2.85071923844949,11.4702173087287,-7.00261358818886,1.89443625091251e-11,5.14719618105073e-10,15.482471539795
"AC010735.2",-2.16771067103419,-0.999948969534487,-7.00159185323155,1.90621671438075e-11,5.17333831748815e-10,15.4764322913646
"HTR7",-2.33368171772871,2.51162579463944,-6.99715679691424,1.95819372208596e-11,5.2964056835291e-10,15.4502247769643
"PAQR5",-2.11112645608175,3.1915982747206,-6.99059929064747,2.03761092094941e-11,5.48028149378582e-10,15.411496554448
"AC020907.1",2.75957858535387,-1.20292616213693,6.98363060470942,2.12548334147914e-11,5.6594536439118e-10,15.370367697515
"MMP13",-3.61931783981561,4.99880024796184,-6.96100736041277,2.43725868507486e-11,6.41124776390055e-10,15.2370439377977
"LINC02323",-2.08909894125116,0.221813782312513,-6.95577481524161,2.51554550768777e-11,6.60268702587401e-10,15.2062504853012
"AKNAD1",-2.21177303227055,-1.53226696183872,-6.95081054923265,2.59210381840978e-11,6.76900846667499e-10,15.1770508401623
"ANOS2P",3.00371676861224,-3.02732627876466,6.95075104256444,2.59303529144034e-11,6.76900846667499e-10,15.1767009125108
"PNLIPRP3",-4.27198866641067,0.68942676137838,-6.94693058814509,2.6535323877324e-11,6.89688179388495e-10,15.1542392077158
"LHX2",2.29370584007057,-0.305068904375711,6.943991161687,2.70102184587375e-11,7.00511769637646e-10,15.1369632463641
"GPR158",-2.92426382650082,0.887526566283143,-6.93937557013538,2.77728430359516e-11,7.18734784571862e-10,15.1098462640696
"NGF",-2.29020552757211,0.0454638743188759,-6.9275507230785,2.98246536723765e-11,7.66864807515911e-10,15.0404320333537
"FAM83E",2.21276221212973,2.3562984471842,6.91836984114897,3.15198978992038e-11,8.05269545049596e-10,14.9865957446446
"AL136982.5",-2.79930209197665,-1.67480634041621,-6.90774468507676,3.36004136897711e-11,8.54777403037871e-10,14.9243529578551
"ABCA3",2.11647738662942,2.61865661542792,6.89220802709126,3.68879983787668e-11,9.3148998224317e-10,14.8334595464432
"APCDD1L",-2.36057397482374,1.91328613273814,-6.89114187414976,3.71248585356524e-11,9.35989313147702e-10,14.8272275667999
"SPRR5",-3.05562391014775,-1.29756572990954,-6.88806722076527,3.78163453512551e-11,9.51923214283064e-10,14.8092591136359
"CARD18",-3.19980047512342,-0.75108674060084,-6.88412993188126,3.872036558814e-11,9.71617634507003e-10,14.786257625601
"NR3C2",2.02845337957741,0.0827646231007763,6.88067074642058,3.95321325504843e-11,9.88881027598963e-10,14.7660568553486
"INSM1",2.29245779695897,-3.02499885196834,6.87434147210862,4.10609918797641e-11,1.02498500979861e-09,14.7291140417836
"CALB2",-2.50973820653368,1.8822381777692,-6.87416399898108,4.11046890089533e-11,1.02500808263325e-09,14.7280785096334
"AC010343.3",-2.80525313534216,-1.48237610228147,-6.85937025230667,4.49126499927463e-11,1.11648002533835e-09,14.6418253818781
"HPDL",2.00881406510663,0.652897834906555,6.85621448092579,4.57687841604896e-11,1.13540698097513e-09,14.6234430459235
"IGFL3",-3.31976835875677,-1.3233778229446,-6.84535110010497,4.88404804280769e-11,1.20785683485907e-09,14.5602097412959
"WFDC12",-3.92628828042704,0.525539670346685,-6.84356523676694,4.93644910469369e-11,1.21955738499876e-09,14.54982142645
"C5orf66-AS1",2.70858808732266,-0.50760916646121,6.83915785453386,5.06814903641933e-11,1.24567306162824e-09,14.524192030623
"CT62",-2.56087243080897,-2.42279524125121,-6.83507247456335,5.19330997455002e-11,1.27382272497561e-09,14.5004455631033
"RNASE7",-2.81882102862422,3.34628780917367,-6.83190920413434,5.29230446595792e-11,1.2941304512471e-09,14.4820658121954
"ADAM28",2.01140806043135,2.34639121453742,6.82843228171437,5.40325631698248e-11,1.3144724695073e-09,14.4618705910222
"GJB2",-2.1899164495073,9.28956497197452,-6.81668091657151,5.79545283994217e-11,1.39861260681142e-09,14.3936684278292
"IGFL1",-3.50063671751517,2.38794130436026,-6.80397424481029,6.25105453934775e-11,1.50100471924779e-09,14.3200158128257
"AL023754.1",-2.00294606022722,-1.94827761636371,-6.79922513242662,6.43022659294924e-11,1.53786377318798e-09,14.292513272962
"AC016705.2",3.0051320490106,-2.8972995717469,6.79536595719777,6.57953443915665e-11,1.56575931777507e-09,14.2701745042465
"RPE65",-3.79937999828439,-0.730773510922364,-6.79359562469502,6.64916248860393e-11,1.57919256567794e-09,14.259929986145
"LINP1",-2.56490475954742,-0.101414726676428,-6.76877360092486,7.70519284141798e-11,1.81560709195418e-09,14.1164908568985
"IRX2",-2.15488062819476,3.37841275612098,-6.76629537173276,7.81927001728996e-11,1.83424949505278e-09,14.1021904699177
"UNC93A",-2.80657782363033,-0.455776864603285,-6.76263584827536,7.99076658235545e-11,1.86638138771507e-09,14.0810803741056
"RNF165",2.08340780899191,1.47337354688065,6.75899961242415,8.1648328347759e-11,1.90147768758571e-09,14.0601126937938
"TBL1Y",2.71663208003717,-3.68932438411571,6.7477829499247,8.72559300911265e-11,2.01834083851714e-09,13.9954846748976
"KRT17P3",-2.83710576828562,1.65272084527745,-6.74447060390788,8.89831169609458e-11,2.05630801817947e-09,13.9764143265367
"LHX1",-3.22387581425062,-0.633005716239416,-6.72239970560098,1.01381067748966e-10,2.31160409851211e-09,13.849515585583
"NPHS1",2.15070681940474,-3.85833639657237,6.71081322558598,1.08553854533309e-10,2.4581985138896e-09,13.7830174139966
"IRX6",2.99099798387739,-1.04082874206226,6.68417219739853,1.26991879483681e-10,2.81780870365458e-09,13.630429544659
"SLC15A1",-2.57064876012808,1.19087657734226,-6.67389067697185,1.34902511536085e-10,2.9767990667134e-09,13.5716584416655
"LIPK",-2.80141351146275,-0.677889038836542,-6.66839850908248,1.39324583227222e-10,3.05748563411828e-09,13.5402908947317
"OCA2",2.85937043176164,-1.48614591053813,6.66648032795581,1.40902337042215e-10,3.08363799532388e-09,13.5293399293299
"DKK1",-2.88759991892423,2.49862263752956,-6.65922263506792,1.47032429376281e-10,3.20025898053879e-09,13.4879260675623
"TM4SF19",-2.10087044190042,0.0831375089993689,-6.65590655421036,1.49919797514997e-10,3.25908821324618e-09,13.4690146767117
"GOLT1A",2.26934805031194,-3.29014452134755,6.64706865143746,1.57889960956451e-10,3.41486915555992e-09,13.418645926374
"AC114296.1",-2.23958230727951,-1.73995306062806,-6.64495599337364,1.59855997334774e-10,3.45427332743961e-09,13.4066126805741
"FAM25A",-2.23761800580431,-3.05738077323747,-6.6440205867186,1.60734148262017e-10,3.46850535408498e-09,13.4012856885752
"PICSAR",-3.08198895485498,-0.055667351012803,-6.64394629031136,1.60804099832599e-10,3.46850535408498e-09,13.4008626056003
"FOXA1",2.9596069517977,1.97339697160028,6.63443208603832,1.70013493813526e-10,3.65399404999762e-09,13.3467119752188
"IRX4",-2.611307362834,3.3287897475415,-6.63087375633991,1.7358931845153e-10,3.72083580265874e-09,13.3264739661022
"LYPD6",2.30338178859851,0.666216129230352,6.62858620160356,1.75927026267491e-10,3.75750022947785e-09,13.3134676427896
"AC112206.3",-2.58096005061766,-2.30186017148787,-6.62556179342462,1.79065267818143e-10,3.81432895821688e-09,13.2962767881854
"VCAM1",2.17406203392811,3.9506034418096,6.62092771846674,1.8398072917651e-10,3.90169397697866e-09,13.2699475479818
"SYT12",-2.03410444746949,2.3489844150997,-6.61728213906754,1.87940599650351e-10,3.97862944348145e-09,13.2492439842513
"IL1F10",-2.69299522252333,-1.82361681884062,-6.61289828334181,1.92813368435222e-10,4.05669847338161e-09,13.2243586304598
"SALL3",3.32276744590831,-3.44981452032218,6.60474157221679,2.02212207787766e-10,4.22845841834732e-09,13.1780881534607
"NPPC",2.80285328430466,-2.58851093358705,6.60244650864683,2.04936925761372e-10,4.27424585634944e-09,13.1650764439282
"APCDD1L-DT",-2.50904947364681,0.172720712872427,-6.5942536595412,2.14960868933418e-10,4.45616112726681e-09,13.118654415041
"AC010595.1",-2.64843416757881,-2.37915052275085,-6.57336469743539,2.42748761323491e-10,4.96774664078237e-09,13.0004837461917
"PAEP",-2.80415062696671,-0.96490155119056,-6.55794424205695,2.65496434407036e-10,5.37361195450187e-09,12.9134240274207
"ADAMTS15",-2.15657089179255,3.30498212246171,-6.54975756147868,2.78410663597998e-10,5.57951245092853e-09,12.8672648205396
"AL359771.1",-2.32094224401161,-1.44501774574694,-6.53853652641705,2.97118355086861e-10,5.92358091622424e-09,12.8040652915378
"RNF150",2.02921752714438,1.776141700911,6.52658037526535,3.18409893002527e-10,6.30609477348145e-09,12.7368125393195
"LMX1B",-2.59007158529345,0.644077065556739,-6.50678876295835,3.56991439104025e-10,7.02376259990875e-09,12.6256836570808
"SLC6A2",-2.71504161736053,1.27801855369793,-6.48851399792936,3.96669957809349e-10,7.75350641838764e-09,12.5232914549008
"AC010327.4",-2.38748222003156,-3.07823321861692,-6.48445455389602,4.06054738461364e-10,7.91757180837113e-09,12.5005753641937
"AC027329.1",-2.24816147980214,-1.3445232353663,-6.46470493105501,4.54912671541646e-10,8.74220309608982e-09,12.3902082447145
"LCE3E",-3.72319524718001,1.72093146852097,-6.46380704225466,4.57265965005417e-10,8.76449358018145e-09,12.3851964423872
"NOS2",2.48041001741479,0.151023057054357,6.46380178630238,4.57279775535229e-10,8.76449358018145e-09,12.385167106416
"LINC01322",-2.88395186545779,0.864581098367928,-6.45250256648637,4.87935817000949e-10,9.28744552709353e-09,12.322141379597
"LIPN",-2.50526742814926,-1.22917980732598,-6.44819515780664,5.00145665354035e-10,9.47469622493605e-09,12.2981365386907
"KANK4",-2.72679141381341,1.84689436901565,-6.4230513635694,5.77635175608917e-10,1.07723341231845e-08,12.1582481673376
"RHOXF1-AS1",2.4498859414214,-2.04684761771853,6.41883677584227,5.91728829844725e-10,1.10009229467797e-08,12.1348396505736
"C11orf87",-2.97312424224476,-2.25216832718339,-6.40984449336036,6.22936306182949e-10,1.1534776040248e-08,12.0849329948488
"AL390755.2",2.67641158806044,-2.93669310819305,6.40959053134739,6.23840718443651e-10,1.1535276988259e-08,12.0835242713115
"KRT6B",-2.6020913611609,10.5216463765441,-6.40167797318148,6.52673342011893e-10,1.20220322582421e-08,12.0396541150257
"MT1E",-2.06172398077913,4.77817872242843,-6.40062261063242,6.56616453390656e-10,1.20668379517283e-08,12.0338058249879
"PAX1",3.09553263175573,-1.10907762003241,6.40003470757033,6.58823137319647e-10,1.20888496651823e-08,12.0305482705691
"GPR1",-2.08401709767369,2.06417175656005,-6.39871118625078,6.6381760633231e-10,1.21618693563819e-08,12.0232154866706
"PRSS12",2.07953901916301,2.44084983842583,6.39385603959367,6.82459102924021e-10,1.24865046293829e-08,11.9963258450579
"SPTLC3",-2.26406724639212,3.01358136487349,-6.39353548432095,6.83707795274639e-10,1.24945643276956e-08,11.9945510205071
"TMSB4Y",2.4488800754248,-3.17008610993176,6.37579456643832,7.56423425375785e-10,1.36910354725871e-08,11.8964273917183
"TMPRSS2",3.24835177890581,1.4223636089721,6.35393101444198,8.56528763591012e-10,1.53292421887192e-08,11.775780239774
"LINC01980",-3.29420250525028,-0.476362043777001,-6.35095856085595,8.71104646087196e-10,1.55784714468907e-08,11.7594014723594
"RNF128",-2.34356918072449,2.721231732537,-6.34612240252611,8.95340843376176e-10,1.59880387262792e-08,11.7327655313754
"AL049775.1",-2.1093357038703,-0.915000760831328,-6.33911440224516,9.31638350450329e-10,1.65990940001425e-08,11.6941946084887
"GNGT1",-2.34042471639617,0.322206271643133,-6.32507376541389,1.008754779561e-09,1.78404424630258e-08,11.6170126888908
"LINC00504",-2.55306336236753,-0.341793764597683,-6.3237018335912,1.0166173100648e-09,1.79662368867204e-08,11.6094779681664
"CD19",2.27714330455493,-0.874659897413215,6.32041185012463,1.03571777518266e-09,1.82231576831697e-08,11.5914141747768
"TMPRSS3",2.03793637117473,-0.0374115553590413,6.31213042432483,1.08536768711128e-09,1.90203349225727e-08,11.5459757039118
"SUN3",-2.27320296278417,-2.23548761948431,-6.30857598881667,1.10738649490991e-09,1.92719026608722e-08,11.5264868909779
"AC011297.1",3.01812918743929,-3.32718167017484,6.30126219711932,1.15407985579207e-09,1.99865576527711e-08,11.4864114874067
"LCE1F",-2.90065306507671,-1.78682960284525,-6.30088724735043,1.15652495242276e-09,2.00108043031474e-08,11.4843579126568
"CDH8",-2.44780466102718,-0.020126798721077,-6.28221476200335,1.28493057204102e-09,2.19943401631365e-08,11.3822055667397
"AKR1B10",-2.74254112028577,6.28606755749657,-6.27797613314046,1.31596929005514e-09,2.24295078711816e-08,11.3590487206982
"KRT1",-4.60019001206995,5.73112704887498,-6.27658914725047,1.32628460127134e-09,2.2589256705662e-08,11.3514737602533
"KLK11",-2.49220970100104,5.30592962808318,-6.27296581150617,1.35360747111934e-09,2.30218945620325e-08,11.3316909924266
"CCDC60",2.62463251719369,-3.36120901646078,6.26926284142862,1.38210062480552e-09,2.34565576294898e-08,11.3114822791754
"AC106798.1",-2.20754637531198,-2.70002426787514,-6.2537009076386,1.50840699163103e-09,2.54559613714409e-08,11.2266518906629
"LCE3D",-3.68492153166548,3.35014528712919,-6.24875073078526,1.55090584127336e-09,2.61179954885979e-08,11.1997009191253
"AL079303.1",2.33667047649039,-1.69451763042895,6.24435366279155,1.58963843893325e-09,2.66952316402218e-08,11.17577476036
"LY6G6C",-2.81328602217948,2.58648341271542,-6.2435954399535,1.59641255342636e-09,2.67628985125344e-08,11.1716502536281
"KRT16P6",-3.10195858958308,3.16204521002796,-6.2406545241012,1.62295591407564e-09,2.71406249301526e-08,11.1556561067176
"CECR7",2.10020628553529,0.391826195916175,6.23999641609017,1.62895464020449e-09,2.7202974911401e-08,11.1520777670352
"CHRNA9",-2.47685901211169,-1.4656337480556,-6.23489536455494,1.67619387299957e-09,2.79020413738643e-08,11.1243513707238
"BBOX1",-2.04126843167259,1.69911844655603,-6.22178864366897,1.80381165495991e-09,2.97089639171542e-08,11.0531889570328
"CRCT1",-3.4846808151395,2.92438907050675,-6.21194850739118,1.9058322162305e-09,3.11962863591173e-08,10.9998364338384
"OR2I1P",2.45512574257155,2.88278581679978,6.2085490789765,1.94237373388086e-09,3.17294097878125e-08,10.9814197604227
"PI3",-3.14676260521903,8.50821016707812,-6.20581644148721,1.97224448272635e-09,3.21734967896898e-08,10.9666209891246
"GABRA3",-2.27632804997252,1.355248155351,-6.20092519772151,2.0268386595318e-09,3.2929601109844e-08,10.9401444152595
"PCDHGB1",-2.32706118303771,-0.699841358435996,-6.19286951909958,2.11999599535312e-09,3.42342210462548e-08,10.8965729111442
"ACP7",-2.4701577108289,1.27681235499584,-6.1833084938863,2.23601322599148e-09,3.58420207007759e-08,10.8449147960388
"DSCAM",-2.84778544601571,-1.26743567793351,-6.17813743980225,2.30132845496625e-09,3.67867508943663e-08,10.8170007733992
"RNF222",-2.66863475439088,0.888318579256087,-6.17792761075304,2.3040178657844e-09,3.67867508943663e-08,10.8158684615345
"MFSD4A",2.32523684924773,0.963815823535875,6.17757713281815,2.3085168602646e-09,3.68072508578714e-08,10.8139772232977
"AC010677.1",-3.00406589096038,-0.391944183194401,-6.1447404469646,2.77049257390367e-09,4.3534639524834e-08,10.6371451933588
"SPRR2B",-3.76195660046036,2.37938163356682,-6.14462700099482,2.77223585022937e-09,4.3534639524834e-08,10.6365355020716
"LINC01998",-2.28412388581668,-3.18642199546382,-6.14162807373542,2.81871051910707e-09,4.4177618626476e-08,10.6204214991741
"KRT16P5",-2.36785210271587,-0.168932749860855,-6.11521763966314,3.2623322688664e-09,5.03079346789668e-08,10.4787693825928
"RANBP3L",2.09091445054854,-3.24723780521577,6.10788345896445,3.39720103213157e-09,5.20195051335469e-08,10.4395148799437
"KLK14",-3.29753088723354,1.69057713041737,-6.09583399529421,3.63071690909144e-09,5.51371989920578e-08,10.3751007479149
"LINC00460",-2.32182514267013,-0.606454799798162,-6.09487051340382,3.65005305452298e-09,5.5395738694483e-08,10.3699543393343
"FAM25C",-2.24030386761772,-3.5369661730305,-6.08962557060269,3.75709476922512e-09,5.68044284225305e-08,10.3419495094017
"LNCAROD",-2.17346536386112,-0.385520727280959,-6.07901249109775,3.9831736169754e-09,5.98075016022546e-08,10.285338286577
"DBX2",2.13072597544726,-4.28950979789776,6.06490814373314,4.30432625641821e-09,6.39881354893338e-08,10.2102208948986
"LINC00911",-2.10413276925053,-3.40965939598378,-6.05649407002235,4.50783604586789e-09,6.66825821007272e-08,10.165472409443
"PTN",2.28658829779229,2.81316150326572,6.05207969258447,4.6183406625564e-09,6.81070250076932e-08,10.1420144589182
"LHX5",-2.35355702095649,-0.15081183549544,-6.03905716568416,4.96000103708448e-09,7.24323368998735e-08,10.07288913072
"SLITRK6",-2.66536141524844,3.11197484637482,-6.03735700935001,5.0063923278987e-09,7.30652775552768e-08,10.0638728815432
"IL36RN",-2.6680914415267,4.85379307876191,-6.03457248402024,5.08329065836895e-09,7.39623420383445e-08,10.0491102181458
"GAST",-2.36058423537375,-0.611680913672077,-6.03319262896399,5.12182412467741e-09,7.44777872110252e-08,10.0417966001698
"FCER2",2.022727186482,-2.89932872690385,6.03205153875594,5.15390562771625e-09,7.48534511894498e-08,10.0357494703844
"ASPRV1",-2.78540003741786,2.94951853139692,-6.03172527199035,5.16311462713272e-09,7.49417800875885e-08,10.0340206029642
"LINC02178",-2.22366694947983,-1.00747190712224,-6.02132078031529,5.46537586670833e-09,7.88040115943433e-08,9.97892542594619
"IVL",-2.46165914769636,6.99157943508919,-6.01864557192514,5.54584938621347e-09,7.97244959155487e-08,9.96477110978128
"CR2",2.62610249450159,-2.04179699675031,6.01813428493728,5.56136089633157e-09,7.98995518703176e-08,9.96206647976922
"LINC01285",-2.30458065399628,-0.987014361153773,-6.01268834419732,5.72923646455566e-09,8.2114487222854e-08,9.93326922268306
"AC006262.2",-2.15630123041708,-2.75290170960176,-6.00591961212386,5.94480774393498e-09,8.47479909432825e-08,9.89750514541109
"IGLV4-3",2.04235382235991,-4.1232866919026,5.98021262977163,6.83819319866927e-09,9.6337720054621e-08,9.76195872954581
"KLK13",-3.24218350679664,4.64386582980877,-5.97853689906361,6.90078274456342e-09,9.69914121353183e-08,9.75313855032547
"FCRL1",2.09022061977947,-3.28003561554258,5.96303538260815,7.50697294272904e-09,1.0453056339312e-07,9.67163684450002
"AKR1B15",-2.13038860544901,3.10060869280228,-5.95258681541476,7.94462117165385e-09,1.10049076160412e-07,9.61679384088082
"IGSF1",-2.03200742865839,-0.352895190327076,-5.94976330590123,8.06710531283457e-09,1.11487953700558e-07,9.60198638398435
"IL24",-2.59167853226655,1.73514365750034,-5.93557158405436,8.71124741488634e-09,1.19052356832289e-07,9.52764224409902
"IGFL2-AS1",-2.72266535210087,0.907431619541648,-5.92553309266457,9.19696340283463e-09,1.25296208633047e-07,9.47513787057722
"LCAL1",-2.52622558819478,1.07162591102529,-5.91445909057385,9.76350425970979e-09,1.32187918689088e-07,9.41729719852239
"SLURP1",-3.22789041020154,2.16236223440764,-5.89005109399358,1.11352976148601e-08,1.48412832059237e-07,9.29010761139424
"LAMA1",-2.20893136076222,2.79695839876621,-5.88498771240118,1.14426015932361e-08,1.51917177052803e-07,9.26377350810967
"POPDC3",-2.28931267979953,1.51218362583195,-5.8817345719398,1.16443948924109e-08,1.54425168346284e-07,9.24686354757167
"AC093895.1",-2.29131728588273,-0.499425608727653,-5.87100688479011,1.23347809118899e-08,1.62323278293536e-07,9.19115202829871
"KRT6C",-3.17262856517957,8.74003215059527,-5.86950762597429,1.24343967409352e-08,1.63454681020171e-07,9.18337230060574
"COL28A1",-2.60171141887931,-0.193554057129865,-5.84960462871165,1.38336623032327e-08,1.79485589298684e-07,9.08024108025065
"S100A7",-3.44568481045172,6.88172325231246,-5.84773815787941,1.39725088193454e-08,1.8109096881925e-07,9.07058358079577
"WNK2",2.71902178544276,2.90780351880604,5.83238760457442,1.51672555551881e-08,1.95098288848378e-07,8.99124776628948
"KPRP",-2.99365132542085,1.40256929318283,-5.8299202576427,1.53683759383396e-08,1.97165243238022e-07,8.97851101045732
"LINC01214",-2.20955987314337,-3.16571926511505,-5.82851208039174,1.54843252768835e-08,1.98537384128002e-07,8.97124370554453
"MUC4",3.21869990790584,3.07647707080635,5.79929317534023,1.80923422854428e-08,2.27116233906941e-07,8.82076039623997
"FABP5",-2.01940750760072,7.04900281873837,-5.79541784934088,1.84689537291197e-08,2.31359125543453e-07,8.80084606584205
"LHX1-DT",-2.42319813650028,-1.56385744782671,-5.79265846643423,1.87417694105805e-08,2.34409061667616e-07,8.78667263333499
"TEX15",2.76263692187319,-3.27399199724686,5.78620076706658,1.93956990656255e-08,2.40703538274806e-07,8.75352362475618
"LINC02577",-2.05740425849867,0.55532039710486,-5.77405378693855,2.06866304961729e-08,2.54614490606208e-07,8.69124853692847
"TRIML1",-2.12228318387914,-3.02250192421206,-5.77261236295845,2.08452765116007e-08,2.56303851371985e-07,8.68386545454685
"ZBED9",-2.75354275551559,-0.679900283661,-5.77170841012621,2.09453725800245e-08,2.57402517183439e-07,8.67923607687474
"SPRR2D",-2.63790168513013,6.86916685967334,-5.76271467963292,2.19671625548514e-08,2.68171718524941e-07,8.63320779896557
"TRPV6",2.29832731347368,-1.15083020184701,5.75068213599879,2.34105798309432e-08,2.83625447456382e-07,8.57171548888297
"LINC01436",-2.11571138464177,-1.14534050343526,-5.74748434803797,2.38094963071083e-08,2.88027275468023e-07,8.55539016352095
"BX322234.2",-2.12225374940587,-3.54081266033069,-5.74748061131568,2.38099663120578e-08,2.88027275468023e-07,8.55537109100245
"OLFM1",2.10245418842756,3.66041738291631,5.73118614880243,2.59479735372988e-08,3.11064150999414e-07,8.47229555837882
"PITX2",-2.44965713700278,2.43279324116586,-5.72941719368987,2.6191052832723e-08,3.13507687354333e-07,8.46328789146624
"PRIMA1",2.00048580617238,1.7691542417283,5.72032258937183,2.7476277750797e-08,3.2741995028349e-07,8.41701194365181
"HEPHL1",-2.87536270294551,5.09876942461408,-5.71880840950139,2.76961494811867e-08,3.29876007041331e-07,8.40931298130185
"RNASE10",-2.43318772020783,-0.474588589650417,-5.71741796422075,2.78995650705546e-08,3.31968807026202e-07,8.40224456999582
"INA",2.9007389431661,-1.81828769758785,5.71070022376962,2.89030492515434e-08,3.41423383322006e-07,8.36811360269225
"RAB3B",-2.03742333030584,1.67983903432906,-5.69739620258106,3.09953525912047e-08,3.6446154538549e-07,8.30061289808287
"LCE1A",-2.93071054696197,-3.04406181265182,-5.67303407948299,3.52162423623242e-08,4.10667655460213e-07,8.17732868436322
"TNFRSF13B",2.05353504082682,-2.37633255175547,5.65897717283455,3.79014384027666e-08,4.37720515606699e-07,8.10638382582027
"ENPP5",2.1886621885365,-0.37123617745343,5.63287460304222,4.34269875750861e-08,4.94081540018334e-07,7.97501444263801
"CYP2E1",2.0811278654181,0.260382236673187,5.62797979268193,4.45472088202565e-08,5.05458954625297e-07,7.95043337003743
"AC022031.2",-2.19755822769402,-0.234191620967512,-5.61439243267878,4.78064500227915e-08,5.37856229270505e-07,7.88228836385145
"MIR31HG",-2.42032138965967,1.47943114894493,-5.61319741320652,4.81039752006398e-08,5.40442410552336e-07,7.87630121101566
"TJP3",2.08730203311007,1.63028765646772,5.61038963456658,4.88101492963438e-08,5.4689736413501e-07,7.86223797592802
"KRT16P2",-2.80077701186904,2.29422263714673,-5.60050838547974,5.13765965208409e-08,5.72912405316627e-07,7.81279052791516
"SLC5A1",-2.48212965503648,2.31997708601178,-5.59827659461797,5.19742088379504e-08,5.79306949112857e-07,7.80163185972396
"S100A7A",-3.60735476122937,4.02875991950667,-5.59163960234098,5.37917156022962e-08,5.95410934269481e-07,7.76846865036039
"CASP14",-3.82729254120774,3.15623087985723,-5.58312975491953,5.62128983446575e-08,6.20490970028269e-07,7.72599310475781
"EEF1A2",-2.53310021205509,2.92846182257093,-5.57420011094097,5.88676274447608e-08,6.46518709480407e-07,7.68147759994319
"CCL20",2.00616773915309,2.93307951448674,5.56666438385026,6.12026474340769e-08,6.70013815948021e-07,7.64395513780488
"AKR1C3",-2.25938748392372,4.9664172440839,-5.54056731007566,7.00073272782121e-08,7.57406587311546e-07,7.51432363092807
"GABRP",3.10212111714147,1.53427153963846,5.53038426715557,7.3767535053335e-08,7.92364504714531e-07,7.46387357251109
"ANKRD36BP2",2.13367298897124,-0.945646340142556,5.53017025447569,7.38486348498058e-08,7.92880235457324e-07,7.46281408114568
"G2E3-AS1",-2.84932274249852,-2.13632344349827,-5.52690948380337,7.50950910090308e-08,8.02666708715618e-07,7.44667536265119
"SPINK6",-3.189309591108,-0.310679820839564,-5.47920883438548,9.58478497634979e-08,9.96052849840617e-07,7.21145969850792
"LINC01748",-2.81019974650145,-0.491143814473914,-5.43540132040148,1.19756427069641e-07,1.21192695029429e-06,6.99688453563008
"IL36B",-2.33095616904836,-0.790106696149756,-5.43481546857136,1.20112528452213e-07,1.21501757358752e-06,6.99402435007404
"MS4A1",2.57906037961718,-0.47546183724304,5.41359010372892,1.33732114236808e-07,1.3375444013234e-06,6.89056774132823
"C6orf15",-3.09020656616833,0.169143436394524,-5.40621394106083,1.38807960027157e-07,1.38081940809082e-06,6.8546913726592
"B3GALT5-AS1",2.35215890400843,-2.32856460570779,5.40059355553242,1.42800866478451e-07,1.41712449198012e-06,6.82738132020079
"AL359502.2",-2.10625541687021,-3.77387177578685,-5.38640682546153,1.53382820799591e-07,1.5119974980014e-06,6.75854862184651
"AC092969.1",-2.31727530974708,-2.426854098628,-5.38522104832268,1.54301044273189e-07,1.52042361223796e-06,6.75280197203309
"KRT19",3.57508621594707,6.91562861552962,5.38375267686875,1.55445507549757e-07,1.5285581218393e-06,6.74568719969966
"CSMD1",2.54299078877864,-1.6266524427368,5.38272181991988,1.56253894017817e-07,1.53461816239465e-06,6.74069327581535
"SALL1",-2.03497040376941,-0.691568846047583,-5.36542150235667,1.70446401980054e-07,1.6576598940526e-06,6.65699847953703
"B3GALT5",2.66396922095132,-0.636807828031441,5.34360060045318,1.9014294405074e-07,1.8292193943123e-06,6.5517456685674
"AKR1C2",-2.36733449657463,5.71776138112856,-5.3382929931374,1.95258509752961e-07,1.8731685058927e-06,6.52619712828717
"SLCO1B3",-2.78366179042943,-0.742082252640015,-5.32955185844736,2.03976236195954e-07,1.9489978166666e-06,6.48416600920138
"AC084816.1",2.04065686072047,-3.86744438542791,5.31936481111641,2.14613697294558e-07,2.03280736836632e-06,6.43525296181331
"AC105460.1",-3.40171422989615,0.170989233376994,-5.31927537756446,2.14709430539971e-07,2.03291062562618e-06,6.43482388407744
"AC128657.1",-2.10701874402893,-3.67307210624026,-5.3130620148113,2.214630095091e-07,2.0910715365942e-06,6.40502823382554
"KLK12",-2.8687297337955,1.82272153002808,-5.31184394403581,2.22810968281262e-07,2.10214253696542e-06,6.39919040102598
"AC034223.2",-2.0395239384978,-2.95567629936693,-5.30857344395331,2.26469765520446e-07,2.13414135309947e-06,6.38352130437501
"NEFL",-2.66756238094011,4.1748749404767,-5.30410925143883,2.31558317272767e-07,2.17695704791079e-06,6.36214585908199
"M1AP",2.28335312098713,-1.21469947522834,5.29339426954532,2.4422927059495e-07,2.27820562107333e-06,6.31090015257558
"MFAP5",-2.07094521540424,3.89724582883262,-5.27485546175417,2.67760064982897e-07,2.48128468571158e-06,6.22243558780716
"C6orf223",2.09319372206793,-0.0819536178094391,5.25450457540901,2.96125955583405e-07,2.70337615222884e-06,6.12561578285056
"SMIM22",2.06209098623477,-1.50955130171842,5.24430814515724,3.11414444929632e-07,2.82572349802867e-06,6.07722106126253
"PCLO",2.40627716589027,1.41416477163962,5.24306602746226,3.13328422827681e-07,2.8377181876956e-06,6.07133092383972
"PLA2G4E",-2.38216855056937,4.41040196284013,-5.23703592237955,3.22783659368542e-07,2.90905889925075e-06,6.04275231570342
"FOXJ1",2.81320333662933,-1.93674928357359,5.23161033083062,3.31527276951474e-07,2.97666529219375e-06,6.01706169836826
"LINC02428",-2.23876650330297,-1.89336771540944,-5.21236515971045,3.64434524735483e-07,3.2292278605123e-06,5.92611019624853
"KRT23",-2.20826131016305,3.16829750155994,-5.18314055292932,4.20544436425631e-07,3.66203738172378e-06,5.78852247292634
"CST6",-2.09650076530433,2.39640759314308,-5.1779938038109,4.31257900773376e-07,3.74715893188295e-06,5.76435769962118
"MYOM3",-2.02251915578373,2.95892036978269,-5.17107664510442,4.46074437862576e-07,3.86748474274196e-06,5.73191167786269
"VAX1",-2.11851305748095,-2.43746859503446,-5.15756916957801,4.76443778515352e-07,4.10701392386399e-06,5.66865563694094
"LCE2A",-2.57110666427309,-3.2136388811344,-5.14545716843697,5.05373395313576e-07,4.31910415310076e-06,5.61205053256097
"ADAMTS20",-2.26053640282082,-1.75992359228641,-5.13723682009521,5.25970405210535e-07,4.4791594848846e-06,5.57369545196313
"CYP4F22",-2.41130731103995,1.936740356383,-5.1318389537663,5.39935557812427e-07,4.58667696115455e-06,5.54853721706277
"IGKV2-28",2.44302617279425,-2.09025083040303,5.10020766010771,6.29286460396584e-07,5.25809649126351e-06,5.40154997338517
"KCNK10",-2.29505204622683,1.15329449540802,-5.08983892811024,6.61577673613038e-07,5.49724250016049e-06,5.35353111201081
"AC009315.1",-2.20127896799348,-2.23632713779305,-5.08826207601177,6.66626999993901e-07,5.5287773006211e-06,5.34623560222947
"CEL",2.37455556323661,0.804216879396961,5.0868209038453,6.71274499984164e-07,5.56428224923723e-06,5.33956946981963
"CYP4F12",2.19427366324901,0.165043795782087,5.08675021426103,6.71503265931984e-07,5.56428224923723e-06,5.33924253583016
"LINC00707",-2.24849170352601,0.64068004850246,-5.08380636215945,6.81097532481787e-07,5.62821423048054e-06,5.32563078236064
"SPRR2E",-2.74213916027679,6.57214455815131,-5.03882001854105,8.4532049295537e-07,6.85718294102776e-06,5.11843636367384
"LCE2D",-2.28986924915182,-3.50041128112086,-4.99372480205435,1.0481384937432e-06,8.28689899837082e-06,4.91227728353676
"KRT79",-2.28695115393091,-0.295011277087911,-4.98062414370801,1.11540027630646e-06,8.75514321041861e-06,4.85267528399401
"TTTY14",2.26504323478271,-2.23085796304652,4.96203493577592,1.21805241629326e-06,9.412901678185e-06,4.7683271886891
"POU6F2-AS2",-2.46982921681353,-2.7246851946136,-4.95391949800054,1.26567948243082e-06,9.72139202467056e-06,4.73158621145299
"SLC6A11",-2.49173468790905,2.91005122719413,-4.95174468163239,1.27874576319247e-06,9.809175246205e-06,4.72174871874742
"CLDN3",2.70204554341632,-1.33703441068736,4.95092555214769,1.28370082801381e-06,9.83773797330446e-06,4.71804443181478
"AZGP1",-2.44440544863934,1.02767537000937,-4.9475759858601,1.3041568747708e-06,9.96900011068817e-06,4.70290227578711
"KBTBD12",2.40849275459935,-2.24024449564729,4.94075375836478,1.34680004899427e-06,1.02459417060631e-05,4.67208800935897
"AC010275.1",-2.15915391080797,-2.33371660771329,-4.91737254944232,1.50341830955224e-06,1.12728148842646e-05,4.56675115895224
"IGHM",2.45410609782232,5.44323577093147,4.90773647662562,1.57296539641338e-06,1.17318838343138e-05,4.523460662192
"TNFRSF17",2.02354128265708,-1.13462419767442,4.9039667082922,1.60101083488293e-06,1.19040098191543e-05,4.506544188718
"IGKV2D-28",2.36257798799404,-2.21549703773671,4.87793677649538,1.808281251955e-06,1.32102334829065e-05,4.39003528233286
"CDH16",-2.16250105723164,0.540901803025532,-4.86521074721706,1.91882716695643e-06,1.3913093563977e-05,4.33326380330658
"SNX31",2.00030202233505,-0.728973910290759,4.8502378545644,2.05725895600401e-06,1.47693689699461e-05,4.26662876879856
"AL390839.2",-2.02459585731043,-2.96604618918613,-4.8330866428019,2.22769019167589e-06,1.58410586805107e-05,4.19051203792172
"LCE2B",-2.56636366131448,-3.29055945519818,-4.83271320191393,2.23154863327905e-06,1.58637886229306e-05,4.18885724349033
"COCH",2.04379074484613,-0.771170912769373,4.78665537167916,2.76028827752596e-06,1.9212183642937e-05,3.98559350221204
"HTR2C",-2.37871475385213,-2.3174629356336,-4.77210871270549,2.95106442627486e-06,2.03274814346797e-05,3.92173786455302
"S100A12",-2.12197863176152,2.76000771332268,-4.76645277071512,3.02862300596707e-06,2.07602750901015e-05,3.89695435048474
"FOXA2",-2.07913771628638,-2.41751613188087,-4.75948941215024,3.12681257826754e-06,2.13356881052401e-05,3.86647613466608
"IGLV9-49",2.61307931538314,-0.95116692233876,4.74135374413913,3.39716639792148e-06,2.29064984692713e-05,3.78727475109167
"AL033397.1",-3.09515609257157,-2.0024772947112,-4.70447338572723,4.01815289184258e-06,2.64608452597185e-05,3.6270046281141
"LINC00668",-2.40461714783489,-0.485471439128436,-4.69363660870443,4.22051780535925e-06,2.76793893507469e-05,3.58011387605306
"LCE2C",-2.37825711847417,-3.08892092802021,-4.68401177717197,4.40845475813629e-06,2.87545481284644e-05,3.53854443982534
"SYNPO2L",-2.22562126443202,0.702986951776421,-4.68131825783856,4.46247645145556e-06,2.90752543998589e-05,3.52692420973345
"AC011632.1",-3.01228501383832,-1.63989310581169,-4.67317799728476,4.62964218949948e-06,2.99931725950705e-05,3.49184058630243
"AC122685.1",-2.38615858896016,-2.66481913178484,-4.6688828980641,4.72025915264736e-06,3.05142407159539e-05,3.47335016850874
"LINC01234",-2.57648914960918,-1.45656260076189,-4.64651992122691,5.22035326212327e-06,3.31743690197619e-05,3.37731197217
"IGHV1-58",2.6912150440318,-0.790327842237438,4.64588111493452,5.23536260172029e-06,3.32521148655248e-05,3.37457439242994
"CYCSP6",-2.14984176385794,-1.56915652688937,-4.63928118307713,5.39288573736613e-06,3.41440195007244e-05,3.34630946706079
"C1orf68",-2.15494720922859,-1.27838879778536,-4.62879316337691,5.65263275346122e-06,3.55723979264561e-05,3.30146405452991
"AJAP1",-2.05161066921606,1.78860481065626,-4.58725146465796,6.804790619633e-06,4.20175218780946e-05,3.12469109667142
"MAGEA3",-3.77437732485743,-0.721414105028774,-4.53940266123875,8.41213603429878e-06,5.0612208869178e-05,2.92277489541923
"ENDOU",-2.09057142314487,0.686666629510726,-4.53722051721189,8.4935275462498e-06,5.1025042396172e-05,2.91360991551976
"CWH43",-2.71721943102548,1.38258163452576,-4.53186333848305,8.69656608476076e-06,5.20360823109131e-05,2.891125913237
"CYP4F11",-2.18832106757902,3.06006873804027,-4.50766362299695,9.6733097280838e-06,5.7068240847809e-05,2.78984523558668
"ISL1",2.09223000281168,-2.23822204440457,4.49111035890332,1.04012147142797e-05,6.06606739871012e-05,2.72083586008052
"CXCL5",-2.01320726721836,0.881546184945344,-4.48813699291806,1.05374178813194e-05,6.13058223131677e-05,2.70846332553493
"ZFP42",-2.08820981523236,-3.23012168335766,-4.48317572456652,1.07685027710251e-05,6.25288103719035e-05,2.68783464267146
"FLG2",-2.68255834184793,-1.30874052104472,-4.47785040254845,1.10219557624163e-05,6.38118325017222e-05,2.66571417521137
"SPRR1A",-2.0810919366079,7.26276844602285,-4.43664071071027,1.31863291093335e-05,7.44223247235202e-05,2.49530523983915
"EPHX3",2.20856495502216,2.32777233906636,4.42545662284865,1.38407153573038e-05,7.73923513897302e-05,2.44929258627092
"FLG",-2.1059435930363,2.1574283097319,-4.38539397643163,1.64499342803661e-05,8.96534512382747e-05,2.28529737098433
"IGKV1D-8",2.1057857339162,-1.13438784072902,4.34460075617129,1.95877978435117e-05,0.000104334738280043,2.11964440431996
"CES1",-2.370319596047,2.24492908873446,-4.33934217800402,2.00317548922133e-05,0.000106180264153284,2.0983885087782
"ANKRD1",-2.80205253608858,0.404652758179327,-4.3131794772744,2.23875621583156e-05,0.00011691792391859,1.9929691069432
"LGALS7B",-2.1882057504877,5.11260137964006,-4.31316153465904,2.23892652671679e-05,0.00011691792391859,1.99289700031409
"PLA2G2D",2.00240067554722,-0.566077082124636,4.31249439300116,2.24526782735287e-05,0.000117146958882395,1.99021612024454
"IGKV2-30",2.24580539060751,0.596890434055585,4.29444125929571,2.42353823488805e-05,0.000124898215614747,1.91780794629208
"JCHAIN",2.06481614748706,4.86660646626926,4.28929574531606,2.47677889167892e-05,0.000127422776642752,1.89721875445626
"BMP3",2.18650941480019,-2.42373300000461,4.2722620905746,2.66112250192391e-05,0.000135510283969623,1.82921459763971
"CHGB",-2.48049744454689,1.24368868509375,-4.23114854440774,3.16164731703924e-05,0.000157582604628802,1.66605222830256
"UTY",2.84819998749704,0.678068587710909,4.22748362990265,3.21038971738782e-05,0.000159641685143231,1.65157491312799
"CYP4B1",2.07550400673294,0.203956042179448,4.2242052180072,3.2545992540058e-05,0.000161543530495019,1.63863371161015
"CP",2.16638695251377,1.96210958320472,4.22051753436766,3.30502267874818e-05,0.000163656490163082,1.62408748708553
"CCN6",-2.13620576297747,-0.527936942644408,-4.21514078080701,3.37988044945479e-05,0.000166932100351885,1.60289865133421
"IGKV1-39",2.14926449294437,-1.01718848302478,4.17311298288012,4.02340981731786e-05,0.000193919937373703,1.43809322162753
"AC073210.3",-2.04274419743901,-0.456757041205117,-4.17125849345948,4.054342362334e-05,0.000195123808942552,1.43085462220422
"IGKV1D-39",2.14614251364975,-0.914607944548322,4.13465478891308,4.71337425265078e-05,0.000222213851250292,1.28856067594936
"IGHV2-70",2.42443655810459,0.0619279272237907,4.13326900861218,4.74022951744896e-05,0.000223128776578564,1.28319531013434
"PRSS3",-2.16345826784534,1.33383767448179,-4.06768861473406,6.19181714573486e-05,0.000281130553392176,1.03110518021717
"AC100801.1",-2.07006982676596,-1.90607618971412,-4.01296848721537,7.71784899118082e-05,0.000340232768993115,0.823498649352906
"IGKV6-21",2.1941791372305,-1.34100039312772,4.00265720704167,8.04285690315605e-05,0.000352386135812063,0.784657808999881
"HOXB13",2.16304862497924,-2.10815311233695,3.98043935502788,8.78790989692914e-05,0.000380483410768288,0.701269314922315
"POU6F2",-2.34306194215938,-1.63252674783845,-3.9491595992657,9.94867172788336e-05,0.000424443598516996,0.584570900711544
"IGHV3-73",2.26564502300963,0.349171120842985,3.92028619059375,0.000111480700833583,0.000468528889787733,0.477579773217539
"PNLDC1",2.03112486023431,-1.36025753253507,3.90114654742451,0.000120173847313661,0.000500755708055046,0.407044298702834
"IGLV4-69",2.28060205486986,1.47531349779963,3.88389666962647,0.000128555803380356,0.000529969253777199,0.343737988202989
"TXLNGY",2.59580716816442,0.42798300468142,3.87929827132572,0.000130882041437389,0.000537893541589024,0.326904493842461
"MYH8",-2.42465075883468,-1.77227823584296,-3.83936682567826,0.000152828297571965,0.000615964863666915,0.181478500477861
"IGHA1",2.16942171396181,8.10507230707114,3.83799251074549,0.000153642363635921,0.000618596371332527,0.17649744052242
"IGHV4-59",2.22053308911413,2.53841115436487,3.83319784832787,0.000156514698491136,0.000628050608613793,0.159132235711225
"WFDC2",2.0620862049926,2.22801952932152,3.80403945154721,0.000175106668661375,0.000693596067405155,0.0539472852721197
"TRIM63",-2.11444388049799,-0.967922019958797,-3.78291535454739,0.000189859886008076,0.000744283053868402,-0.0218034073620315
"IGKV1-12",2.07930182973114,0.613896007925885,3.77983786289302,0.00019210481799738,0.000751853643391999,-0.0328075323963999
"PRKY",2.38492216463459,0.485889757254218,3.77871012592073,0.000192933727625948,0.000754842054929954,-0.0368379381233979
"CLDN17",-2.04212785557132,-1.47587373585219,-3.7689082624526,0.000200281988915944,0.000778390785335985,-0.071823036507654
"TRDN",-2.7206668795788,-0.0521255875606621,-3.74395493341643,0.0002202002333975,0.00084551808895012,-0.160517160087538
"IGKV1-27",2.07264606686566,1.14997032726305,3.67639409657043,0.00028392687746861,0.00105701781756374,-0.397981283272
"IGKV4-1",2.04776704050707,4.47870999165918,3.66919337428742,0.000291660376999505,0.00108166343380097,-0.423059584755058
"CHRM3",-2.08741863422696,1.26523164403831,-3.66238435116322,0.000299155320544147,0.00110614999251966,-0.446732686960705
"RPTN",-2.0590349212305,1.66101901193864,-3.65362368448077,0.000309065457630098,0.00113700408760326,-0.477132442931764
"KDM5D",2.63584556812605,1.34929566318151,3.64902437274132,0.000314391151094404,0.00115358590488842,-0.493065735946615
"EIF1AY",2.48213446945835,0.564651273971625,3.64531036705122,0.000318754632973351,0.0011665601747974,-0.505918788413589
"MYH1",-3.06870076649822,0.23197262473629,-3.60896250111296,0.000364573587467537,0.00131102062576111,-0.631080047907688
"MAGEA6",-2.95848924716826,-0.791135426985193,-3.5489842067271,0.000453957710372569,0.00158534575508135,-0.835113924889725
"IGHV4-31",2.03598654258248,1.30346414928987,3.52022018202712,0.000503772033909618,0.00173503780117995,-0.931856450774258
"IGHV5-51",2.10628531554218,3.45284606146127,3.4983018903222,0.000545122452966609,0.00185426748940977,-1.00509157905678
"ZFY",2.39554814985925,0.630007348899063,3.47283817284332,0.000597147856701559,0.00200758294584682,-1.0896473352778
"USP9Y",2.46529003118802,1.17355034196852,3.46269444018818,0.000619138717514884,0.00207105530800205,-1.12317340407942
"MAGEA4",-3.02231718792746,0.36992122934456,-3.43377609547391,0.000686061471417316,0.00226145489697999,-1.21825785214599
"SMPX",-2.28602152636637,-1.19233205328773,-3.41772843899097,0.000726056990942776,0.00237499723327228,-1.27070730360168
"MAGEA11",-2.42240568943935,-2.02280139347851,-3.40363532226245,0.000762966805331718,0.00247982320940856,-1.31658247756656
"MYOG",-2.41192193179346,-1.24001597464067,-3.36814239500627,0.000863827010805257,0.00275789374992502,-1.43134470405353
"CSAG1",-2.09652986961325,-1.77178266784224,-3.35694718526386,0.000898134501293336,0.00285071459456867,-1.46731334609575
"NEFM",-2.10036258911747,0.084992495010318,-3.29026987789661,0.00113019847817686,0.00347187236649536,-1.67924953617638
"KRT24",2.17864682747896,-0.0785112331650759,3.21521573898167,0.00145747950025126,0.00432479429717945,-1.91310589899703
"DDX3Y",2.42283480599494,2.21518253295277,3.18061517249007,0.00163620782388954,0.00477996882746421,-2.01923016495557
"NLGN4Y",2.03457732945143,0.32778183313845,3.1638912612751,0.001729677964341,0.00501330463684901,-2.07014208542301
"ASB5",-2.22341858798796,-1.23692997935172,-3.13317279880356,0.00191433921006341,0.00547633100512827,-2.16300655321074
"ACTC1",-2.63045302745561,1.46210463496419,-3.13261010936872,0.00191788552676514,0.00548582105077583,-2.16469974513087
"MYBPH",-2.58277458268422,0.574380041131842,-3.10387639947432,0.00210725089083801,0.00594096004094613,-2.2507858567269
"MYL1",-2.60066805004296,0.225765693685411,-2.96967386597336,0.00324161795371577,0.00864191040636831,-2.64303664166032
"MYH7",-2.28803244269785,0.906208324708857,-2.92559323185604,0.00372200094703254,0.00973840273989385,-2.7683315310245
